[
  {
    "title": "1. Data in policy making",
    "displayTitle": "1. Data in policy making",
    "body": "<p dir=\"ltr\">TBC</p>",
    "_classes": "",
    "pageBody": "",
    "linkText": "View",
    "duration": "",
    "_lockedBy": [],
    "_isOptional": false,
    "_isAvailable": true,
    "_isHidden": false,
    "_isVisible": true,
    "_id": "5b6c170b36b131054d3a459b",
    "_graphic": {
      "alt": "",
      "src": "course/en/assets/cea53ba894f73eac454fb2f7cde74ce401909d9b.png"
    },
    "_parentId": "course",
    "_type": "page",
    "_onScreen": {
      "_isEnabled": false,
      "_classes": "",
      "_percentInviewVertical": 50
    },
    "_skillsFramework": {
      "_skills": [
        {
          "outcome": "Explain how data has changed the way we find stories",
          "credits": 5,
          "level": "explorer"
        },
        {
          "level": "explorer",
          "credits": 5,
          "outcome": "Explain how data has changed the way we tell stories"
        },
        {
          "level": "explorer",
          "credits": 5,
          "outcome": "Give examples of data stories"
        }
      ]
    },
    "_aboutPage": {
      "aboutCredit": "",
      "SL_text": "",
      "_items": []
    },
    "_ODILicence": {
      "_items": []
    },
    "_FooterLink": {
      "_items": []
    },
    "_pageLevelProgress": {
      "_isEnabled": true,
      "_showPageCompletion": true
    }
  },
  {
    "title": "2. The four step process",
    "displayTitle": "2. The four step process",
    "body": "<p>There are many stages and challenges in using data to inform policy. This module introduces a four stage process that helps generate stories that help clearly communicate and inform policy decisions. This module also looks at the time required for each stage and what should be prioritised.</p>",
    "_classes": "",
    "pageBody": "",
    "linkText": "View",
    "duration": "",
    "_lockedBy": [],
    "_isOptional": false,
    "_isAvailable": true,
    "_isHidden": false,
    "_isVisible": true,
    "_id": "5b6c170b36b131054d3a4599",
    "_graphic": {
      "alt": "",
      "src": "course/en/assets/301936c4e7d37e6647647b3c3e5a305f0ae8a56f.jpg"
    },
    "_parentId": "course",
    "_type": "page",
    "_onScreen": {
      "_isEnabled": false,
      "_classes": "",
      "_percentInviewVertical": 50
    },
    "_skillsFramework": {
      "_skills": [
        {
          "outcome": "Explain the data storytelling process",
          "credits": 5,
          "level": "explorer"
        },
        {
          "level": "explorer",
          "credits": 5,
          "outcome": "Plan a data storytelling project"
        }
      ]
    },
    "_aboutPage": {
      "aboutCredit": "<p>This work &quot;The four step process&quot;, is a derivative of &quot;<a href=\"http://findingstories.learndata.info/#/id/57b1b369e396ef981f39ea28\" target=\"_blank\">A four step approach to storytelling with data</a>&quot; by&nbsp;the&nbsp;<a href=\"https://theodi.org/\" target=\"_blank\">Open Data Institute</a>, used under&nbsp;<a href=\"https://creativecommons.org/licenses/by/4.0/\" target=\"_blank\">CC-BY&nbsp;4.0</a>.</p>",
      "SL_text": "",
      "_items": []
    },
    "_ODILicence": {
      "_items": []
    },
    "_FooterLink": {
      "_items": []
    },
    "_pageLevelProgress": {
      "_isEnabled": true,
      "_showPageCompletion": true
    }
  },
  {
    "title": "3. Understanding your rights to use data",
    "displayTitle": "3. Understanding your rights to use data",
    "body": "<p>When working with data, it&#39;s&nbsp;critical to understand your rights and your responsibility in ensuring legal and ethical use of data. This module introduces the&nbsp;aspects of law that cover the use of content in different scenarios.&nbsp;</p>",
    "_classes": "",
    "pageBody": "",
    "linkText": "View",
    "duration": "",
    "_lockedBy": [],
    "_isOptional": false,
    "_isAvailable": true,
    "_isHidden": false,
    "_isVisible": true,
    "_id": "5b6c170b36b131054d3a459c",
    "_graphic": {
      "alt": "",
      "src": "course/en/assets/97d34793bbe8926e04194b6c543ac459b473764c.jpg"
    },
    "_parentId": "course",
    "_type": "page",
    "_onScreen": {
      "_isEnabled": false,
      "_classes": "",
      "_percentInviewVertical": 50
    },
    "_skillsFramework": {
      "_skills": [
        {
          "level": "explorer",
          "credits": 5,
          "outcome": "Describe how copyright and licensing relate to open data"
        },
        {
          "level": "explorer",
          "credits": 5,
          "outcome": "Identify instances of open licenses and effective application"
        },
        {
          "level": "explorer",
          "credits": 5,
          "outcome": "Explain how copyright exceptions affect the use of data"
        }
      ]
    },
    "_aboutPage": {
      "aboutCredit": "<p>This work &quot;Understanding your rights to use data&quot;, is a derivative of &quot;<a href=\"http://findingstories.learndata.info/#/id/57b441b1e396ef981f39ebc8\" target=\"_blank\">Understanding your rights to use data</a>&quot; by&nbsp;the&nbsp;<a href=\"https://theodi.org/\" target=\"_blank\">Open Data Institute</a>, used under&nbsp;<a href=\"https://creativecommons.org/licenses/by/4.0/\" target=\"_blank\">CC-BY&nbsp;4.0</a>.</p>",
      "SL_text": "",
      "_items": []
    },
    "_ODILicence": {
      "_items": []
    },
    "_FooterLink": {
      "_items": []
    },
    "_pageLevelProgress": {
      "_isEnabled": true,
      "_showPageCompletion": true
    }
  },
  {
    "title": "4. Ethics",
    "displayTitle": "4. Ethics",
    "body": "",
    "_classes": "",
    "pageBody": "<p>TBC</p>",
    "linkText": "View",
    "duration": "",
    "_lockedBy": [],
    "_isOptional": false,
    "_isAvailable": true,
    "_isHidden": false,
    "_isVisible": true,
    "_id": "5b6c197c36b131054d3a4a0a",
    "_parentId": "course",
    "_type": "page",
    "_graphic": {
      "alt": "",
      "src": ""
    },
    "_onScreen": {
      "_isEnabled": false,
      "_classes": "",
      "_percentInviewVertical": 50
    },
    "_skillsFramework": {
      "_skills": []
    },
    "_aboutPage": {
      "aboutCredit": "",
      "SL_text": "",
      "_items": []
    },
    "_ODILicence": {
      "_items": []
    },
    "_FooterLink": {
      "_items": []
    },
    "_pageLevelProgress": {
      "_isEnabled": false,
      "_showPageCompletion": false
    }
  },
  {
    "title": "5. Gathering data",
    "displayTitle": "5. Gathering data",
    "body": "<p dir=\"ltr\">Data plays a key role in storytelling, but not all data is easy to find. This module looks at where you can start to find data and how to find data that&#39;s hidden on the web.</p>",
    "_classes": "",
    "pageBody": "",
    "linkText": "View",
    "duration": "",
    "_lockedBy": [],
    "_isOptional": false,
    "_isAvailable": true,
    "_isHidden": false,
    "_isVisible": true,
    "_id": "5b6c170b36b131054d3a45a0",
    "_graphic": {
      "alt": "",
      "src": "course/en/assets/2164576f217243b4bc9bfb61f6c5f8a5b9bdbc87.jpg"
    },
    "_parentId": "course",
    "_type": "page",
    "_onScreen": {
      "_isEnabled": false,
      "_classes": "",
      "_percentInviewVertical": 50
    },
    "_skillsFramework": {
      "_skills": [
        {
          "level": "practitioner",
          "credits": 5,
          "outcome": "Explain the difference between downloadable and hidden data"
        },
        {
          "level": "practitioner",
          "credits": 5,
          "outcome": "Find downloadable data"
        },
        {
          "level": "practitioner",
          "credits": 5,
          "outcome": "Find hidden data"
        },
        {
          "level": "practitioner",
          "credits": 5,
          "outcome": "Describe the benefit of using hidden data"
        }
      ]
    },
    "_aboutPage": {
      "aboutCredit": "<p>This work &quot;Gathering data&quot;, is a derivative of &quot;<a href=\"https://www.europeandataportal.eu/elearning/en/module12/\" target=\"_blank\">Finding hidden data on the Web</a>&quot; by <a href=\"https://ec.europa.eu/commission/index_en\" target=\"_blank\">European Commission</a>, used under&nbsp;<a href=\"https://creativecommons.org/licenses/by-sa/4.0/\" target=\"_blank\">CC-BY-SA 4.0</a>.</p>",
      "SL_text": "",
      "_items": []
    },
    "_ODILicence": {
      "_items": [
        {
          "title": "",
          "description": "<p>&quot;Gathering data&quot; by&nbsp;<a href=\"https://theodi.org\">Open Data Institute</a> is licensed under a<a href=\"https://creativecommons.org/licenses/by-sa/4.0/\"> Creative Commons Attribution-ShareAlike 4.0 International Licence</a></p>",
          "_graphic": {
            "alt": "",
            "src": "https://licensebuttons.net/l/by-sa/4.0/88x31.png"
          }
        },
        {
          "title": "Attribution requirements",
          "description": "<p>Suitable attribution should follow the attribution best practice guidelines as outlined&nbsp;<a href=\"https://wiki.creativecommons.org/wiki/Best_practices_for_attribution\" target=\"_blank\">here</a>.</p>",
          "_graphic": {
            "alt": "",
            "src": ""
          }
        },
        {
          "title": "Content usage",
          "description": "<p>The content, including text and structure is available for you to use, reuse and share (including for commercial purposes) subject to the conditions of the licence above.</p>",
          "_graphic": {
            "alt": "",
            "src": ""
          }
        },
        {
          "title": "Exclusions",
          "description": "<p>This licence does not cover:</p><ul dir=\"ltr\"><li>Logos and trade marks such as those belonging to the Open Data Institute</li><li>Third party content (such as images)</li><li>Any other content as outlined under &#39;About&#39;</li></ul>",
          "_graphic": {
            "alt": "",
            "src": ""
          }
        },
        {
          "title": "Non-endorsement",
          "description": "<p>This licence does not grant you any right to use the Information in a way that suggests any official status or that the Information Provider and/or Licensor endorse you or your use of the Information.</p>",
          "_graphic": {
            "alt": "",
            "src": ""
          }
        },
        {
          "title": "No warranty",
          "description": "<p>The Information is licensed &#39;as is&#39;. Neither the Open Data Institute nor the ODEdu project are&nbsp;not liable for any errors or omissions in the Information and shall not be liable for any loss, injury or damage of any kind caused by its use. The Information Provider does not guarantee the continued supply of the Information.</p>",
          "_graphic": {
            "alt": "",
            "src": ""
          }
        }
      ]
    },
    "_FooterLink": {
      "_items": []
    },
    "_pageLevelProgress": {
      "_isEnabled": true,
      "_showPageCompletion": true
    }
  },
  {
    "title": "6. Organising data",
    "displayTitle": "6. Organising data",
    "body": "<p dir=\"ltr\">Having gathered data from&nbsp;different sources, an essential skill of a data scientist is to organise that data so that it&#39;s&nbsp;ready to be processed. A modern data scientist should design and implement a structure for a dataset that can be understood by the audience, and this module will show you how.&nbsp;</p>",
    "_classes": "",
    "pageBody": "",
    "linkText": "View",
    "duration": "",
    "_lockedBy": [],
    "_isOptional": false,
    "_isAvailable": true,
    "_isHidden": false,
    "_isVisible": true,
    "_id": "5b6c170b36b131054d3a459d",
    "_graphic": {
      "alt": "",
      "src": "course/en/assets/55fdaceae3e61bfad0b68be0efcf8b4e312e1342.jpg"
    },
    "_parentId": "course",
    "_type": "page",
    "_onScreen": {
      "_isEnabled": false,
      "_classes": "",
      "_percentInviewVertical": 50
    },
    "_skillsFramework": {
      "_skills": [
        {
          "level": "explorer",
          "credits": 5,
          "outcome": "Identify good and bad spreadsheet layouts"
        },
        {
          "level": "practitioner",
          "credits": 5,
          "outcome": "Create good column titles for a spreadsheet"
        },
        {
          "level": "practitioner",
          "credits": 5,
          "outcome": "Use header rows and freeze functions in spreadsheets"
        },
        {
          "level": "practitioner",
          "credits": 5,
          "outcome": "Use different data types in a spreadsheet"
        }
      ]
    },
    "_aboutPage": {
      "aboutCredit": "",
      "SL_text": "",
      "_items": []
    },
    "_ODILicence": {
      "_items": []
    },
    "_FooterLink": {
      "_items": []
    },
    "_pageLevelProgress": {
      "_isEnabled": true,
      "_showPageCompletion": true
    }
  },
  {
    "title": "7. Cleaning data",
    "displayTitle": "7. Cleaning data",
    "body": "<p dir=\"ltr\">Data containing errors leads to stories containing errors. Before any analysis can take place, a data scientist needs to be able to identify and remove them from data. This module looks at common errors and useful tools to remove them.</p>",
    "_classes": "",
    "pageBody": "",
    "linkText": "View",
    "duration": "",
    "_lockedBy": [],
    "_isOptional": false,
    "_isAvailable": true,
    "_isHidden": false,
    "_isVisible": true,
    "_id": "5b6c170b36b131054d3a4596",
    "_graphic": {
      "alt": "",
      "src": "course/en/assets/33486d36922cc44d7b5832d0c3a21bc1722f88af.jpg"
    },
    "_parentId": "course",
    "_type": "page",
    "_onScreen": {
      "_isEnabled": false,
      "_classes": "",
      "_percentInviewVertical": 50
    },
    "_skillsFramework": {
      "_skills": [
        {
          "level": "explorer",
          "credits": 5,
          "outcome": "Explain how and why data needs to be cleaned"
        },
        {
          "level": "practitioner",
          "credits": 5,
          "outcome": "Recognise a number of errors in data"
        },
        {
          "level": "practitioner",
          "credits": 10,
          "outcome": "Clean a dataset"
        }
      ]
    },
    "_aboutPage": {
      "aboutCredit": "<p>This work &quot;Cleaning data&quot;, is a derivative of &quot;<a href=\"https://www.europeandataportal.eu/elearning/en/module11/#/id/co-01\" target=\"_blank\">How to clean your data</a>&quot; by <a href=\"https://ec.europa.eu/commission/index_en\" target=\"_blank\">European Commission</a>, used under&nbsp;<a href=\"https://creativecommons.org/licenses/by-sa/4.0/\" target=\"_blank\">CC-BY-SA 4.0</a>.</p>",
      "SL_text": "",
      "_items": []
    },
    "_ODILicence": {
      "_items": [
        {
          "title": "",
          "description": "<p>&quot;Cleaning data&quot; by&nbsp;<a href=\"https://theodi.org\">Open Data Institute</a> is licensed under a<a href=\"https://creativecommons.org/licenses/by-sa/4.0/\"> Creative Commons Attribution-ShareAlike 4.0 International Licence</a></p>",
          "_graphic": {
            "alt": "",
            "src": "https://licensebuttons.net/l/by-sa/4.0/88x31.png"
          }
        },
        {
          "title": "Attribution requirements",
          "description": "<p>Suitable attribution should follow the attribution best practice guidelines as outlined&nbsp;<a href=\"https://wiki.creativecommons.org/wiki/Best_practices_for_attribution\" target=\"_blank\">here</a>.</p>",
          "_graphic": {
            "alt": "",
            "src": ""
          }
        },
        {
          "title": "Content usage",
          "description": "<p>The content, including text and structure is available for you to use, reuse and share (including for commercial purposes) subject to the conditions of the licence above.</p>",
          "_graphic": {
            "alt": "",
            "src": ""
          }
        },
        {
          "title": "Exclusions",
          "description": "<p>This licence does not cover:</p><ul dir=\"ltr\"><li>Logos and trade marks such as those belonging to the Open Data Institute</li><li>Third party content (such as images)</li><li>Any other content as outlined under &#39;About&#39;</li></ul>",
          "_graphic": {
            "alt": "",
            "src": ""
          }
        },
        {
          "title": "Non-endorsement",
          "description": "<p>This licence does not grant you any right to use the Information in a way that suggests any official status or that the Information Provider and/or Licensor endorse you or your use of the Information.</p>",
          "_graphic": {
            "alt": "",
            "src": ""
          }
        },
        {
          "title": "No warranty",
          "description": "<p>The Information is licensed &#39;as is&#39;. Neither the Open Data Institute nor the ODEdu project are&nbsp;not liable for any errors or omissions in the Information and shall not be liable for any loss, injury or damage of any kind caused by its use. The Information Provider does not guarantee the continued supply of the Information.</p>",
          "_graphic": {
            "alt": "",
            "src": ""
          }
        }
      ]
    },
    "_FooterLink": {
      "_items": []
    },
    "_pageLevelProgress": {
      "_isEnabled": true,
      "_showPageCompletion": true
    }
  },
  {
    "title": "8. The shape of data",
    "displayTitle": "8. The shape of data",
    "body": "",
    "_classes": "",
    "pageBody": "",
    "linkText": "View",
    "duration": "",
    "_lockedBy": [],
    "_isOptional": false,
    "_isAvailable": true,
    "_isHidden": false,
    "_isVisible": true,
    "_id": "5b6c19bc36b131054d3a4a0d",
    "_parentId": "course",
    "_type": "page",
    "_graphic": {
      "alt": "",
      "src": ""
    },
    "_onScreen": {
      "_isEnabled": false,
      "_classes": "",
      "_percentInviewVertical": 50
    },
    "_skillsFramework": {
      "_skills": []
    },
    "_aboutPage": {
      "aboutCredit": "",
      "SL_text": "",
      "_items": []
    },
    "_ODILicence": {
      "_items": []
    },
    "_FooterLink": {
      "_items": []
    },
    "_pageLevelProgress": {
      "_isEnabled": false,
      "_showPageCompletion": false
    }
  },
  {
    "title": "9. Seeing through a world of numbers",
    "displayTitle": "9. Seeing through a world of numbers",
    "body": "",
    "_classes": "",
    "pageBody": "",
    "linkText": "View",
    "duration": "",
    "_lockedBy": [],
    "_isOptional": false,
    "_isAvailable": true,
    "_isHidden": false,
    "_isVisible": true,
    "_id": "5b6c19bf36b131054d3a4a10",
    "_parentId": "course",
    "_type": "page",
    "_graphic": {
      "alt": "",
      "src": ""
    },
    "_onScreen": {
      "_isEnabled": false,
      "_classes": "",
      "_percentInviewVertical": 50
    },
    "_skillsFramework": {
      "_skills": []
    },
    "_aboutPage": {
      "aboutCredit": "",
      "SL_text": "",
      "_items": []
    },
    "_ODILicence": {
      "_items": []
    },
    "_FooterLink": {
      "_items": []
    },
    "_pageLevelProgress": {
      "_isEnabled": false,
      "_showPageCompletion": false
    }
  },
  {
    "title": "10. Trends in data",
    "displayTitle": "10. Trends in data",
    "body": "",
    "_classes": "",
    "pageBody": "",
    "linkText": "View",
    "duration": "",
    "_lockedBy": [],
    "_isOptional": false,
    "_isAvailable": true,
    "_isHidden": false,
    "_isVisible": true,
    "_id": "5b6c19fe36b131054d3a4a13",
    "_parentId": "course",
    "_type": "page",
    "_graphic": {
      "alt": "",
      "src": ""
    },
    "_onScreen": {
      "_isEnabled": false,
      "_classes": "",
      "_percentInviewVertical": 50
    },
    "_skillsFramework": {
      "_skills": []
    },
    "_aboutPage": {
      "aboutCredit": "",
      "SL_text": "",
      "_items": []
    },
    "_ODILicence": {
      "_items": []
    },
    "_FooterLink": {
      "_items": []
    },
    "_pageLevelProgress": {
      "_isEnabled": false,
      "_showPageCompletion": false
    }
  },
  {
    "title": "11. Filtering and pivot tables",
    "displayTitle": "11. Filtering and pivot tables",
    "body": "<p dir=\"ltr\">Once data is clean, it&#39;s ready for analysis; but this analysis doesn&#39;t have to use complex statistical methods. A modern data scientist should be comfortable using common analysis techniques such as pivot tables, and this module shows you how.&nbsp;</p>",
    "_classes": "",
    "pageBody": "",
    "linkText": "View",
    "duration": "",
    "_lockedBy": [],
    "_isOptional": false,
    "_isAvailable": true,
    "_isHidden": false,
    "_isVisible": true,
    "_id": "5b6c170b36b131054d3a459e",
    "_graphic": {
      "alt": "",
      "src": "course/en/assets/42cae611b9faff51566fabe51f7bfb9615f01211.jpg"
    },
    "_parentId": "course",
    "_type": "page",
    "_onScreen": {
      "_isEnabled": false,
      "_classes": "",
      "_percentInviewVertical": 50
    },
    "_skillsFramework": {
      "_skills": [
        {
          "level": "practitioner",
          "credits": 5,
          "outcome": "Apply filters to a spreadsheet"
        },
        {
          "level": "practitioner",
          "credits": 5,
          "outcome": "Sort data in a spreadsheet"
        },
        {
          "level": "practitioner",
          "credits": 5,
          "outcome": "Apply formula to a spreadsheet"
        },
        {
          "level": "practitioner",
          "credits": 10,
          "outcome": "Create a set of analytics for a spreadsheet"
        }
      ]
    },
    "_aboutPage": {
      "aboutCredit": "<p>This work &quot;Filtering and pivot tables&quot;, adapted from &quot;<a href=\"http://tanzania.learndata.info/eLearning/#/id/57d9233c4d7b7e82691e3c59\" target=\"_blank\">Analysing data</a>&quot; by&nbsp;<a href=\"https://theodi.org\">Open Data Institute</a>&nbsp;/ <a href=\"http://www.worldbank.org/\" target=\"_blank\">World Bank</a>, used under&nbsp;<a href=\"https://creativecommons.org/licenses/by/4.0/\" target=\"_blank\">CC-BY&nbsp;4.0</a>.</p>",
      "SL_text": "",
      "_items": []
    },
    "_ODILicence": {
      "_items": []
    },
    "_FooterLink": {
      "_items": []
    },
    "_pageLevelProgress": {
      "_isEnabled": true,
      "_showPageCompletion": true
    }
  },
  {
    "title": "12. Data visualisation formats",
    "displayTitle": "12. Data visualisation formats",
    "body": "<p dir=\"ltr\">A modern data scientist will work&nbsp;with many different types of visualisation, from common graphs to advanced statistical plots to geographic representations. Learn more about the options for bringing your data to life in this module.</p>",
    "_classes": "",
    "pageBody": "",
    "linkText": "View",
    "duration": "",
    "_lockedBy": [],
    "_isOptional": false,
    "_isAvailable": true,
    "_isHidden": false,
    "_isVisible": true,
    "_id": "5b6c170b36b131054d3a4598",
    "_graphic": {
      "alt": "",
      "src": "course/en/assets/ca044aca014a764b789ad1c8c4481eaa0e2ef182.jpg"
    },
    "_parentId": "course",
    "_type": "page",
    "_onScreen": {
      "_isEnabled": false,
      "_classes": "",
      "_percentInviewVertical": 50
    },
    "_skillsFramework": {
      "_skills": [
        {
          "level": "explorer",
          "credits": 5,
          "outcome": "Describe a number data visualisations and their usage"
        },
        {
          "level": "explorer",
          "credits": 5,
          "outcome": "Choose an appropriate visualisation for data"
        }
      ]
    },
    "_aboutPage": {
      "aboutCredit": "",
      "SL_text": "",
      "_items": []
    },
    "_ODILicence": {
      "_items": []
    },
    "_FooterLink": {
      "_items": []
    },
    "_pageLevelProgress": {
      "_isEnabled": true,
      "_showPageCompletion": true
    }
  },
  {
    "title": "13. Data visualisation best practice",
    "displayTitle": "13. Data visualisation best practice",
    "body": "<p>Picking the right visualisation is only the first part of telling effective stories. Plotting the right data in the correct way, making good use of colour and other visual cues is essential to making the story &ldquo;pop out&rdquo; at the audience.</p>",
    "_classes": "",
    "pageBody": "",
    "linkText": "View",
    "duration": "",
    "_lockedBy": [],
    "_isOptional": false,
    "_isAvailable": true,
    "_isHidden": false,
    "_isVisible": true,
    "_id": "5b6c170b36b131054d3a459a",
    "_graphic": {
      "alt": "",
      "src": "course/en/assets/d2445a55c3baba4530ca53aef667079d65b9b497.jpg"
    },
    "_parentId": "course",
    "_type": "page",
    "_onScreen": {
      "_isEnabled": false,
      "_classes": "",
      "_percentInviewVertical": 50
    },
    "_skillsFramework": {
      "_skills": [
        {
          "level": "strategist",
          "credits": 5,
          "outcome": "Describe how the human brain interprets visually presented data"
        },
        {
          "level": "practitioner",
          "credits": 5,
          "outcome": "Use colour and pop-out to help clearly present information"
        }
      ]
    },
    "_aboutPage": {
      "aboutCredit": "",
      "SL_text": "",
      "_items": []
    },
    "_ODILicence": {
      "_items": []
    },
    "_FooterLink": {
      "_items": []
    },
    "_pageLevelProgress": {
      "_isEnabled": true,
      "_showPageCompletion": true
    }
  },
  {
    "title": "14. Visual deception",
    "displayTitle": "14. Visual deception",
    "body": "<p dir=\"ltr\">The use of visual deception can create intrigue, but it can also&nbsp;be used to mislead. A modern data scientist should be able to choose deception techniques that engage and inform, and avoid those which intentionally mislead.</p>",
    "_classes": "",
    "pageBody": "",
    "linkText": "View",
    "duration": "",
    "_lockedBy": [],
    "_isOptional": false,
    "_isAvailable": true,
    "_isHidden": false,
    "_isVisible": true,
    "_id": "5b6c170b36b131054d3a4597",
    "_graphic": {
      "alt": "",
      "src": "course/en/assets/c5ee47a1a79ee4e989b5d26e2b71c7e1892d1e7d.jpg"
    },
    "_parentId": "course",
    "_type": "page",
    "_onScreen": {
      "_isEnabled": false,
      "_classes": "",
      "_percentInviewVertical": 50
    },
    "_skillsFramework": {
      "_skills": [
        {
          "level": "strategist",
          "credits": 10,
          "outcome": "Identify a number of deception techniques in visulisations"
        }
      ]
    },
    "_aboutPage": {
      "aboutCredit": "",
      "SL_text": "",
      "_items": []
    },
    "_ODILicence": {
      "_items": []
    },
    "_FooterLink": {
      "_items": []
    },
    "_pageLevelProgress": {
      "_isEnabled": true,
      "_showPageCompletion": true
    }
  },
  {
    "title": "15. Narrating your story",
    "displayTitle": "15. Narrating your story",
    "body": "<p dir=\"ltr\">A modern data scientist is expected to be a catalyst for change in an organisation. This requires not only performing complex data manipulation, but also being able to present the outcomes to senior level decision-makers. This means creating a memorable story which not only requires an effective visualisation but an engaging narrative.</p>",
    "_classes": "",
    "pageBody": "",
    "linkText": "View",
    "duration": "",
    "_lockedBy": [],
    "_isOptional": false,
    "_isAvailable": true,
    "_isHidden": false,
    "_isVisible": true,
    "_id": "5b6c170b36b131054d3a459f",
    "_graphic": {
      "alt": "",
      "src": "course/en/assets/60f5321e92f1c6ea08493dd85e5da0f6b47e654b.jpg"
    },
    "_parentId": "course",
    "_type": "page",
    "_onScreen": {
      "_isEnabled": false,
      "_classes": "",
      "_percentInviewVertical": 50
    },
    "_skillsFramework": {
      "_skills": [
        {
          "level": "explorer",
          "credits": 5,
          "outcome": "List the steps writing a narrative"
        },
        {
          "level": "strategist",
          "credits": 5,
          "outcome": "Write effective headlines"
        },
        {
          "level": "strategist",
          "credits": 5,
          "outcome": "Identify techniques to help share your story"
        }
      ]
    },
    "_aboutPage": {
      "aboutCredit": "",
      "SL_text": "",
      "_items": []
    },
    "_ODILicence": {
      "_items": []
    },
    "_FooterLink": {
      "_items": []
    },
    "_pageLevelProgress": {
      "_isEnabled": true,
      "_showPageCompletion": true
    }
  },
  {
    "title": "16. Pitching your idea",
    "displayTitle": "16. Pitching your idea",
    "body": "",
    "_classes": "",
    "pageBody": "",
    "linkText": "View",
    "duration": "",
    "_lockedBy": [],
    "_isOptional": false,
    "_isAvailable": true,
    "_isHidden": false,
    "_isVisible": true,
    "_id": "5b6c1a4436b131054d3a4a16",
    "_parentId": "course",
    "_type": "page",
    "_graphic": {
      "alt": "",
      "src": ""
    },
    "_onScreen": {
      "_isEnabled": false,
      "_classes": "",
      "_percentInviewVertical": 50
    },
    "_skillsFramework": {
      "_skills": []
    },
    "_aboutPage": {
      "aboutCredit": "",
      "SL_text": "",
      "_items": []
    },
    "_ODILicence": {
      "_items": []
    },
    "_FooterLink": {
      "_items": []
    },
    "_pageLevelProgress": {
      "_isEnabled": false,
      "_showPageCompletion": false
    }
  }
]