{
  "title": "Data analysis and visualisation for policy makers",
  "displayTitle": "Data analysis and visualisation for policy makers",
  "body": "<p dir=\"ltr\">Data must inspire and full innovation. It can enable businesses, startups, governments, individuals and communities to create products and services, fuelling economic growth an productivity. \u0010\u0010</p><p dir=\"ltr\">Data can help us make better decisions, something that is core to policy making. From investment in local services, discussions over trade to providing basic schooling, getting the right policies in place is key.&nbsp;&nbsp;When effectively analysed and presented in a clear and compelling way, data can lead to better decision making.&nbsp;</p><p dir=\"ltr\">This set of materials have been put together to help those working in policy and change grow their data and communication skills.&nbsp;</p>",
  "description": "",
  "_latestTrackingId": 110,
  "_buttons": {
    "_submit": {
      "buttonText": "Submit",
      "ariaLabel": "Submit"
    },
    "_reset": {
      "buttonText": "Reset",
      "ariaLabel": "Reset"
    },
    "_showCorrectAnswer": {
      "buttonText": "Show correct answer",
      "ariaLabel": "Show correct answer"
    },
    "_hideCorrectAnswer": {
      "buttonText": "Hide correct answer",
      "ariaLabel": "Hide correct answer"
    },
    "_showFeedback": {
      "buttonText": "Show feedback",
      "ariaLabel": "Show feedback"
    },
    "remainingAttemptsText": "remaining attempts",
    "remainingAttemptText": "final attempt",
    "disabledAriaLabel": "This button is disabled at the moment"
  },
  "_classes": "",
  "_lockType": "",
  "_id": "course",
  "_globals": {
    "_accessibility": {
      "accessibilityToggleTextOn": "Turn accessibility on?",
      "accessibilityToggleTextOff": "Turn accessibility off?",
      "skipNavigationText": "Skip navigation",
      "_accessibilityInstructions": {
        "touch": "Usage instructions. Use swipe left for next. Use swipe right for previous. Use a double tab to select. Use a two finger slide up to go to the top of the page.",
        "notouch": "Usage instructions. Use tab for next. Use shift tab for previous. Use enter to select. Use escape to go to the top of the page.",
        "ipad": "Usage instructions for touchscreens. Use swipe left for next. Use swipe right for previous. Use a double tab to select. Use a two finger slide up to go to the top of the page. Usage instructions for keyboard access. Use left for next. Use right for previous. Use up and down together to select."
      },
      "_ariaLabels": {
        "navigation": "Course navigation bar",
        "skipNavigation": "Skip Navigation",
        "menuLoaded": "Menu loaded",
        "page": "Page",
        "pageLoaded": "Page loaded",
        "previous": "Back",
        "navigationDrawer": "Open course resources and search",
        "drawer": "Side drawer",
        "closePopup": "Close popup",
        "next": "Next",
        "done": "Done",
        "complete": "Complete",
        "incomplete": "Incomplete",
        "correct": "Correct",
        "incorrect": "Incorrect",
        "locked": "Locked",
        "accessibilityToggleButton": "By selecting this button you can set whether accessibility is turned on or off",
        "feedbackPopUp": "Popup opened",
        "visited": "Visited",
        "menuIndicatorHeading": "Menu item heading "
      }
    },
    "_components": {
      "_graphic": {
        "ariaRegion": ""
      },
      "_text": {
        "ariaRegion": ""
      },
      "_accordion": {
        "ariaRegion": "This component is an accordion comprised of collapsible content panels containing display text. Select the item titles to toggle the visibility of these content panels."
      },
      "_mcq": {
        "ariaRegion": "This component is a multiple choice question. Once you have selected an option select the submit button below"
      },
      "_gmcq": {
        "ariaRegion": "This component is a graphical multiple choice question. Once you have selected an option select the submit button below."
      },
      "_narrative": {
        "ariaRegion": "This component displays an image gallery with accompanying text. Use the next and back navigation controls to work through the narrative."
      },
      "_media": {
        "ariaRegion": "This is a media component which plays a video. Select the play / pause button to watch or listen.",
        "transcriptButton": "Alternatively you can select the link below for the transcript."
      }
    },
    "_extensions": {
      "_skillsFramework": {
        "linkText": "Outcomes",
        "titleText": "Learning outcomes"
      },
      "_aboutPage": {
        "linkText": "About",
        "titleText": "About",
        "contactEMail": "training@theodi.org",
        "contactLinkText": "Contact",
        "aboutCredit": "<p>&copy; <a href=\"https://theodi.org\" target=\"_blank\">Open Data Institute</a></p>",
        "SL_text": "",
        "SL_facebook": " MyODIHQ",
        "SL_flickr": "ukodi",
        "SL_github": "theodi",
        "SL_scribd": "OpenDataInstitute",
        "SL_soundcloud": "theodi",
        "SL_twitter": "ODIHQ",
        "SL_vimeo": "theodiuk",
        "SL_youtube": " OpenDataInstituteUK"
      },
      "_ODILicence": {
        "linkText": "Licence",
        "titleText": "Licence"
      },
      "_pageLevelProgress": {
        "pageLevelProgress": "Page sections",
        "pageLevelProgressIndicatorBar": "Progress bar. Select here to view your current progress, and select an item to navigate to it. You have completed ",
        "pageLevelProgressMenuBar": "You have completed ",
        "pageLevelProgressEnd": "You have reached the end of the list of page sections.",
        "optionalContent": "Optional Content"
      }
    }
  },
  "_start": {
    "_isEnabled": false,
    "_startIds": [],
    "_force": false,
    "_isMenuDisabled": false
  },
  "_type": "course",
  "_FooterLink": {
    "_items": [
      {
        "link": "https://theodi.org/about-the-odi/legal/privacy-policy",
        "title": "Privacy policy"
      }
    ]
  },
  "_ODILicence": {
    "_items": [
      {
        "title": "",
        "description": "<p>Finding stories in data by&nbsp;by&nbsp;<a href=\"https://theodi.org\" target=\"_blank\">Open Data Institute</a> is licensed under a&nbsp;<a href=\"https://creativecommons.org/licenses/by/4.0/\" target=\"_blank\">Creative Commons Attribution 4.0 International Licence</a></p><p>The content, including text and structure is available for you to&nbsp;<em>use</em>,&nbsp;<em>reuse</em>&nbsp;and&nbsp;<em>share&nbsp;</em>(including for commercial purposes) subject to the conditions of the license outlined here.</p>",
        "_graphic": {
          "alt": "",
          "src": "https://licensebuttons.net/l/by/4.0/88x31.png"
        }
      },
      {
        "title": "Attribution requirements",
        "description": "<p>Suitable attribution should follow the attribution best practice guidelines as outlined&nbsp;<a href=\"https://wiki.creativecommons.org/wiki/Best_practices_for_attribution\">here</a>.</p>",
        "_graphic": {
          "alt": "",
          "src": ""
        }
      },
      {
        "title": "Content usage",
        "description": "<p>The content, including text and structure is available for you to use, reuse and share (including for commercial purposes) subject to the conditions of the licence above.</p>",
        "_graphic": {
          "alt": "",
          "src": ""
        }
      },
      {
        "title": "Exclusions",
        "description": "<p>This licence does not cover:</p><ul dir=\"ltr\"><li>Logos and trade marks such as those belonging to the Open Data Institute</li><li>Third party content (such as images)</li><li>Any other content as outlined under &#39;About&#39;</li></ul>",
        "_graphic": {
          "alt": "",
          "src": ""
        }
      },
      {
        "title": "Non-endorsement",
        "description": "<p>This licence does not grant you any right to use the Information in a way that suggests any official status or that the Information Provider and/or Licensor endorse you or your use of the Information.</p>",
        "_graphic": {
          "alt": "",
          "src": ""
        }
      },
      {
        "title": "No warranty",
        "description": "<p>The Information is licensed &#39;as is&#39;. Neither the Open Data Institute nor the EDSA project project are&nbsp;not liable for any errors or omissions in the Information and shall not be liable for any loss, injury or damage of any kind caused by its use. The Information Provider does not guarantee the continued supply of the Information.</p>",
        "_graphic": {
          "alt": "",
          "src": ""
        }
      }
    ]
  },
  "_aboutPage": {
    "_items": [
      {
        "title": "European Commission",
        "description": "<p>This work has received funding from the&nbsp;European Union&#39;s Horizon 2020&nbsp;research and innovation programme&nbsp;under grant agreement No 643937.</p>",
        "_graphic": {
          "alt": "",
          "src": "https://europa.eu/european-union/sites/europaeu/files/docs/body/flag_yellow_low.jpg"
        }
      },
      {
        "title": "European Data Science Academy",
        "description": "<p>Developed as part of the European Data Science Academy project.</p>",
        "_graphic": {
          "alt": "",
          "src": "adapt/css/assets/edsa-flat.png"
        }
      },
      {
        "title": "ODI Training Team",
        "description": "<p>Expert knowledge, content development and learning plans provided by the by <a href=\"https://theodi.org\" target=\"_blank\">Open Data Institute</a> training team.</p>",
        "_graphic": {
          "alt": "",
          "src": "adapt/css/assets/logo-small.png"
        }
      },
      {
        "title": "Adapt learning",
        "description": "<p>Open source learning platform developed by <a href=\"https://www.adaptlearning.org/\" target=\"_blank\">Adapt learning</a>.</p>",
        "_graphic": {
          "alt": "",
          "src": "adapt/css/assets/adapt.png"
        }
      }
    ]
  },
  "_pageLevelProgress": {
    "_showPageCompletion": true,
    "_isEnabled": true
  }
}